ID,Easting,Northing
2,843622,813951
3,843333,814109
4,842947,814013
5,842646,813814
6,842419,813736
7,842246,813653
8,842182,813741
9,842149,813996
10,842092,814350
11,842111,814519
12,842016,814846
13,841835,815086
15,836740,815798
16,836554,815722
17,831457,840927
18,836068,815612
19,835644,815588
20,831231,841090
21,834543,815898
22,834350,815826
23,834272,816048
24,834053,816219
26,834105,816179
27,834210,816042
28,834453,815978
30,835508,815645
31,835876,815624
32,836178,815914
33,841864,815086
35,842077,814745
36,842120,814412
40,842454,813774
42,842822,813944
43,842938,814035
46,843941,813766
48,842527,814357
49,838171,816605
50,838176,816468
51,838202,816314
53,838257,816249
54,838344,816464
55,838534,816486
56,838719,816423
57,838533,816074
58,838899,816952
59,838593,816885
60,838426,816849
61,838144,816768
62,837997,816589
63,837926,816216
64,837519,815698
66,836954,815055
67,837084,814626
68,836873,814582
69,836648,814737
74,842066,814511
75,841770,813828
79,840455,809885
80,840245,809624
82,840003,808944
84,840413,808669
87,840408,808664
89,839812,809248
90,840037,809489
91,840287,809675
93,841003,810754
94,840919,811582
95,842317,818753
96,841814,813923
97,842030,814469
99,842212,814010
100,841456,815393
101,841339,815568
102,841068,815761
103,840787,816064
104,840383,816178
105,840136,816189
106,839887,816206
107,839712,816444
108,839610,816779
109,839464,816950
110,839316,816998
111,839052,816988
112,838777,816927
113,836954,815681
116,836443,815498
118,836177,815437
119,835979,815415
120,835770,815394
121,835689,815400
122,835057,815462
124,833936,816300
125,833502,816629
127,833903,816342
128,834512,815761
129,834606,815696
130,834958,815533
131,835515,815439
132,835952,815436
133,836202,815464
134,836298,815477
135,836643,815593
136,837048,815708
137,837583,815779
139,837920,816521
140,838144,816797
141,838430,816875
142,838780,816951
143,838903,816977
144,839307,817023
146,839665,816681
147,839820,816304
148,840107,816212
149,840309,816209
151,840885,815970
152,841084,815772
155,842217,813970
156,842460,814004
157,843166,814251
159,843708,813805
161,843014,814319
163,833926,816392
166,842849,815253
167,842716,815421
169,841886,815765
170,841894,815555
171,841899,815422
172,841862,815251
173,840926,815874
174,840890,816049
175,841067,816147
176,841074,816036
178,838672,816950
179,838824,817153
180,840458,816272
181,840970,815943
182,841852,815238
183,841886,815478
185,841886,815796
187,842109,815991
188,842901,815158
190,842760,814619
193,835646,819170
194,835605,819401
197,835121,820596
199,834678,821204
203,834518,821334
204,834324,821654
205,834301,821806
206,834566,821817
207,834659,821424
208,834829,821264
209,835033,821091
210,835182,820969
211,835378,820715
212,835419,820487
214,835626,819406
216,835700,818992
219,836652,818079
220,837237,816134
221,837734,816322
222,837996,816726
223,838129,816883
228,838246,816809
230,836492,815437
231,836189,815327
232,835728,815508
233,835144,815556
234,836064,815391
235,836292,815366
236,836501,815449
237,836801,815358
238,837047,815413
240,834528,816347
241,834511,816209
244,834570,815420
245,834272,815291
246,833932,815614
247,833693,815831
248,833436,816000
249,833286,816027
250,833382,815997
252,833572,815779
253,833835,815532
254,834007,815242
255,834292,815406
256,834495,815491
257,834437,815669
258,834268,815892
259,834501,816238
261,834125,815841
262,833930,815954
263,833939,815896
264,833971,815683
265,832968,816215
266,832905,816142
267,832829,816113
268,832983,816170
269,833170,815966
270,833244,815926
271,833558,815744
274,835989,816137
276,836751,815638
277,837142,815686
279,837660,815504
280,837992,815357
282,838031,815887
283,838143,816113
284,838095,816208
285,838228,816499
286,838437,816583
287,838660,816583
288,838908,816647
289,838612,816266
291,838599,816248
292,838548,816462
293,838382,816481
294,838321,816399
295,838234,816214
296,838179,816503
297,837735,816061
300,837994,815807
301,837997,815555
304,837697,815460
306,832399,813206
307,832242,813359
308,832243,813018
309,832551,812615
310,833337,812297
312,834349,812084
313,834784,812219
315,836149,812357
316,836617,815262
318,835455,815421
319,834749,815623
320,834090,816113
321,833903,816159
322,833627,816174
323,833405,816344
324,833015,816415
325,832755,816438
326,832628,816446
327,832463,816288
328,832016,816082
329,831785,816096
330,831678,815866
331,831554,815489
332,831467,814960
334,831503,814533
335,831695,814234
336,831822,813949
337,832020,813745
338,832109,813547
340,832308,812997
341,832074,813525
343,831776,813980
344,831639,814277
345,831507,814463
346,831426,815011
347,831534,815497
348,831673,815920
349,831743,816083
350,831934,816163
351,832308,816266
352,832424,816369
353,832509,816566
354,832646,816570
355,832883,816562
356,833118,816546
359,834216,816529
360,834549,816423
362,835776,815299
364,836256,815346
365,836651,815181
366,836121,812332
369,834849,812181
371,834067,812035
372,833753,812133
375,832217,813023
377,832451,816153
378,832597,816220
379,833959,816435
380,832693,816173
381,832324,816133
382,831820,816389
384,831882,816481
385,832179,816467
388,834528,815850
389,835664,815426
392,831505,816084
393,831204,815956
394,830926,815909
395,830685,815906
396,830929,815925
398,831455,816162
399,831546,816244
400,831642,816380
401,834853,815649
403,840363,808207
406,840122,809573
407,839531,809430
408,838976,809685
409,838621,810750
411,838154,811089
412,837896,810961
413,837563,810986
416,836372,811920
417,836192,812151
418,836447,815102
419,836206,815108
420,835829,815076
422,835381,815372
425,835343,815417
426,835579,815250
427,835733,815147
429,836267,815147
430,836212,812208
431,836459,811893
434,837584,810983
435,837930,811074
436,838169,811099
437,838522,811080
440,838960,809774
441,839614,809608
443,839931,809565
444,840070,809565
446,839863,809163
448,840364,808229
449,833595,811729
450,834030,811615
451,834181,811654
452,834169,811633
453,834014,811584
454,833471,811704
457,833413,811575
458,833194,811602
462,834442,812085
467,834927,815647
468,835073,815529
469,836724,815502
471,833052,816228
472,833235,816085
473,833382,816029
474,833589,815947
475,833886,812340
476,834094,812205
481,837646,815572
482,834318,811455
483,834154,811330
484,833993,811413
486,836576,815179
487,835967,812090
489,832134,812792
490,832054,812666
491,832110,812489
493,835581,812384
495,832311,812547
496,832193,812461
497,832055,812580
498,832026,812737
499,832077,812563
501,832243,813366
502,832460,813137
503,832460,812947
505,834050,812084
506,834156,816205
507,833231,816405
508,832936,816453
510,834383,816247
511,833216,812202
512,832930,812203
513,832486,812319
514,832915,812211
517,815901,827545
518,834939,815587
520,836536,814448
521,836815,814368
523,837822,813460
526,836702,812827
527,836036,812433
528,835902,812349
529,835314,812258
530,834106,812322
531,834179,812525
532,834311,812575
535,834192,812191
536,834234,812365
538,836016,812437
539,836730,812839
540,837104,812823
541,837881,813191
545,836791,814234
546,836790,814378
547,836586,814420
548,836427,814600
550,841571,815508
551,841354,815371
552,841388,815248
553,841074,815381
554,840737,815567
555,840494,815689
556,840672,815772
557,840763,815866
558,833430,812343
559,833461,812433
560,833253,812403
562,840797,815767
563,840684,815714
564,840546,815612
565,840841,815610
567,841302,815199
568,841329,815396
571,837354,814226
572,837259,814382
573,837087,814454
582,837823,815105
583,837774,815338
585,838159,815260
586,837143,815661
587,836305,815454
588,834184,816170
589,834351,815852
591,837960,815201
592,837809,815195
593,837874,815063
594,837923,814972
595,838045,814974
597,838010,814846
598,838101,814668
599,838084,814513
604,834138,815219
605,834240,815197
606,834326,815176
607,834453,815170
608,834662,815173
609,834442,815269
610,837732,815851
611,833832,816223
612,832435,816429
613,831987,816350
616,834737,815709
617,835963,815071
618,836438,815125
619,837506,815357
620,837220,815191
621,833654,816413
623,833159,816526
624,833031,816538
625,832655,816551
626,832273,816476
627,832071,816416
628,831619,816291
629,831467,816152
632,837628,815118
633,837692,816362
635,837836,815790
636,837797,815580
637,831718,816377
638,830154,815221
639,830142,815228
640,830179,815576
641,830350,815781
644,830481,815792
645,830277,815714
646,830183,815536
647,834658,815898
648,837925,812549
649,837769,811890
650,837530,811290
652,837701,811672
653,837881,812691
657,837937,816359
658,836900,815878
659,834043,811317
661,837845,816274
662,837824,814941
663,837851,814809
664,837769,814664
665,837614,814385
666,837688,814113
667,837663,813748
668,831961,812748
670,837687,813760
672,838366,816988
673,832826,816164
674,833911,815694
675,834406,815831
677,830421,814903
678,830801,814841
679,831052,814931
681,830978,814589
682,831141,814380
683,831223,814207
684,831381,814261
685,831676,813869
686,832073,812905
687,832289,812731
688,831797,813451
689,831902,813048
691,831763,813673
692,831599,813896
694,831178,814272
695,831055,814451
696,830968,814614
697,831104,814712
698,830958,814889
700,831818,813662
703,836143,812225
706,841119,819355
707,840342,819666
708,839036,827530
709,838905,827432
711,840128,820635
712,840659,819577
716,838593,810883
718,836267,821930
719,839043,827561
721,838842,827696
723,836160,817725
724,835327,818303
725,835306,820365
726,835494,819389
734,834927,815506
736,838586,817033
738,836821,815347
739,832488,822005
740,833731,822176
741,834105,821866
742,834323,821788
743,834570,821478
744,835597,819558
745,835652,819264
746,837358,815682
747,841568,815782
748,840810,816034
749,839790,816299
751,835499,819956
752,835431,820306
754,835171,820947
756,834770,821282
757,834090,821844
758,833931,821979
760,833229,821983
768,836499,821851
770,836425,820504
773,836192,819280
774,836217,818905
775,836595,818610
776,835917,815586
777,834159,815542
778,834441,815760
779,836189,818962
780,836253,819369
781,836416,819814
782,836143,819998
783,836396,820504
785,836452,821449
786,836631,821667
787,836726,821731
788,836758,822098
790,837251,822079
793,837643,822908
794,839455,820336
795,839560,820394
797,839487,821179
798,839355,821309
801,839357,821508
804,837428,820447
806,837340,819403
807,837227,819212
808,837070,818963
813,836690,815389
817,837358,820061
818,837461,820570
820,837838,821078
822,838572,821684
823,839391,821570
824,839227,820999
825,839270,821370
826,839517,821068
828,834191,821616
829,834209,821391
830,834605,821057
833,835178,820579
836,836925,815548
837,836852,815275
838,834929,820886
839,834931,820993
843,836455,822561
845,836650,825219
846,836538,825683
847,836612,825986
849,837244,826147
850,837792,826334
851,838120,826464
852,838145,826759
853,837414,827147
854,838212,826731
856,837841,826260
857,837336,826131
858,837009,826129
859,836580,825686
863,836437,819785
864,836276,819331
865,833380,822006
866,835509,819900
867,836068,815357
868,836989,826159
869,838206,827039
870,838457,827315
873,838982,827499
874,838462,827278
875,838183,826966
876,838140,826452
877,835802,815571
879,835451,834824
880,835296,834703
881,835252,834426
883,835911,834128
884,839949,826440
885,842118,817956
886,834209,816016
891,836214,815783
892,835872,834105
894,835367,834289
895,835261,834521
896,835282,834713
898,838148,814563
901,838776,816467
902,838866,816532
903,839430,816737
904,838976,817119
909,811128,817651
911,834513,818366
912,840643,816502
914,843834,813745
915,843996,813864
916,843648,814177
917,843338,814222
918,843690,814186
921,834439,818451
926,811879,816765
927,811041,817177
929,811562,819426
931,811243,820064
932,811048,817134
933,811727,816726
937,809889,817455
941,811822,816515
942,811999,816388
943,811535,815662
944,811954,816388
945,811775,816511
947,810280,817381
950,811175,817660
951,810988,818075
952,828033,823304
953,828248,823876
956,833336,822050
957,834381,821639
961,835769,818009
965,835783,817450
966,835771,817640
967,835725,818356
968,835701,818659
970,835662,819081
971,835027,821067
972,834821,821239
973,833186,821966
976,828220,823769
977,828043,823220
978,810788,817588
979,810935,818141
980,817940,825433
981,833772,816382
982,811919,820096
985,837430,826994
986,837678,827068
987,834942,812192
993,835263,822514
994,837254,822618
995,839108,822329
998,844922,819153
999,844868,819365
1000,845265,819562
1001,845261,820020
1003,844500,820605
1006,844992,820338
1007,845261,820046
1008,845461,819760
1009,837467,822584
1010,835226,822502
1012,837375,822830
1014,838021,822792
1016,841318,821273
1017,841594,820774
1020,842086,819742
1021,842207,819581
1022,842685,819301
1023,842606,819114
1024,842695,818646
1025,842602,818385
1026,842718,818198
1027,842905,818168
1028,842840,818146
1029,842590,818421
1030,842700,818789
1031,842594,819107
1032,842691,819324
1033,842388,819576
1034,842162,819635
1035,841983,819780
1038,841150,821551
1039,840225,821475
1040,838439,822685
1042,838019,822708
1046,844213,819924
1047,844220,820110
1049,844017,820837
1050,844411,820916
1051,844770,820644
1052,844771,820335
1053,844718,820470
1054,844428,820525
1055,844364,820315
1056,844477,819991
1058,842315,818531
1061,833943,816316
1062,838654,816924
1063,842025,818004
1064,842165,818514
1065,841860,819088
1066,845009,819915
1067,844966,820334
1068,844738,820648
1069,844391,820893
1070,844015,820811
1073,840353,821592
1074,840180,821593
1075,839673,821676
1076,839569,820481
1077,839494,820281
1079,840477,819784
1081,841126,819386
1082,841520,819167
1083,841726,819029
1084,841718,818983
1085,841475,819159
1086,841185,819404
1087,840685,819588
1088,840449,819788
1090,839699,821711
1091,840232,821503
1092,841711,831102
1095,841365,831032
1096,840882,830165
1097,840729,829852
1098,841099,829568
1100,839899,828807
1101,839877,826400
1102,841781,830964
1103,841553,831572
1104,841893,831859
1106,841565,831520
1108,841797,830982
1109,841384,821360
1112,841515,820534
1115,840800,820329
1116,840429,820419
1119,840260,820187
1121,840810,820413
1123,841623,820610
1124,841404,820823
1125,841435,821105
1126,841292,818476
1127,841510,818523
1128,841574,818642
1130,836189,815763
1133,833754,811059
1134,833455,811213
1135,833319,811366
1136,841195,819322
1137,840715,819515
1138,840144,820131
1140,840097,820643
1141,839688,821249
1142,839433,821809
1143,839288,821991
1144,838749,822143
1146,838810,822412
1147,838711,822646
1148,838726,822179
1149,839158,821814
1150,839726,821289
1151,840159,820301
1152,840210,819875
1153,833549,811560
1154,833465,811223
1155,833702,811146
1158,818529,835682
1162,835303,817932
1164,835408,818509
1165,841671,819191
1166,818534,835706
1167,838657,822674
1171,831216,824364
1172,831223,824479
1173,831392,824659
1174,831495,824903
1175,831462,825434
1176,831350,825331
1177,831178,825299
1178,830926,825242
1179,830870,825380
1180,830635,825423
1181,830449,825384
1182,830217,825524
1183,830126,825577
1185,829958,825692
1186,830453,825403
1187,830867,825411
1188,830936,825324
1189,831125,825331
1191,831480,825457
1192,831513,824929
1193,831444,824683
1194,831050,824302
1195,834038,816434
1196,820025,824775
1197,818619,825217
1198,819327,825184
1199,819006,825248
1201,818209,825279
1203,817652,825449
1204,817407,825818
1205,817157,826051
1206,816707,826166
1207,816328,826530
1208,816057,826641
1209,815900,826894
1210,815615,827065
1211,815178,826862
1212,814598,826399
1213,814538,826168
1214,814021,826278
1215,814120,826569
1216,814294,826980
1217,814562,827341
1219,814316,826971
1220,814103,826515
1221,814142,826140
1222,814397,826051
1223,814512,826169
1224,814575,826408
1225,815227,826915
1226,815619,827093
1227,815881,826953
1228,816070,826661
1229,816352,826543
1230,816671,826243
1231,817111,826080
1232,817393,825888
1233,817578,825595
1234,817991,825449
1235,818403,825242
1237,818730,825260
1238,819430,825097
1239,820042,824706
1241,814956,825962
1242,814626,825944
1243,834479,816051
1244,816083,827581
1245,816105,827346
1248,818320,834537
1249,818286,834798
1250,818328,835020
1251,817964,835264
1252,818090,835616
1253,818259,835459
1254,818056,835573
1255,817770,835629
1256,818638,835338
1260,818019,835202
1261,818381,835011
1262,818286,834767
1263,818383,834472
1268,836314,815640
1269,839630,809033
1270,839264,809278
1271,839342,809107
1272,839360,808863
1275,839000,809031
1277,835455,817634
1278,835502,817398
1279,836017,817361
1280,836124,817648
1281,836165,817883
1282,836216,818047
1283,836387,818197
1284,836430,818096
1286,835996,817310
1289,835364,817954
1295,839012,809026
1298,839342,808910
1300,839329,809290
1305,838742,817067
1306,838885,817098
1307,841359,815565
1310,836233,818016
1317,835248,819975
1320,835564,818493
1321,835825,818552
1322,836190,818639
1323,837423,820491
1325,842125,818632
1326,842124,818671
1331,835555,818474
1333,812060,816667
1334,837776,815992
1336,810142,817365
1339,835651,820054
1340,834384,819991
1343,834995,819954
1345,811177,817947
1347,810697,817022
1348,810662,817017
1349,835225,822329
1350,835581,822269
1353,837099,822404
1354,837386,822400
1355,837808,822528
1356,838191,822529
1357,838935,822277
1358,839386,821962
1359,841659,818842
1360,841632,818699
1361,841500,818489
1362,842289,818585
1363,842269,818685
1364,842123,818937
1366,842512,818952
1367,842246,818983
1368,842209,818835
1369,841405,818777
1370,838190,822500
1371,838884,822246
1372,837759,822498
1373,837496,822382
1374,837262,822392
1376,835624,822243
1377,835303,822303
1379,837687,818433
1380,837536,818597
1381,837625,818775
1382,837643,819165
1383,837502,819249
1384,837350,819524
1385,838177,821573
1387,838365,822236
1388,838665,822210
1389,839083,821879
1390,838677,822177
1394,837382,819025
1395,837338,818732
1400,837466,815659
1403,839400,822301
1404,839465,822603
1406,838721,823266
1407,838592,823506
1408,838446,823518
1411,838955,823287
1412,839089,823210
1413,839488,822578
1414,839418,822300
1415,839069,822336
1416,845716,819550
1417,845742,819837
1418,844171,820442
1419,845723,819521
1422,837191,822601
1424,834612,815971
1435,833393,815920
1438,834010,815740
1439,834176,815662
1441,834294,816141
1448,836792,814133
1449,836553,814131
1450,836199,814432
1451,836101,814560
1452,835543,814330
1453,835502,814553
1454,834820,814289
1455,834811,814115
1456,834821,814068
1457,834763,814212
1459,833907,814110
1461,833638,814250
1462,833480,814604
1466,834822,814379
1467,835164,814529
1468,835456,814697
1469,835610,814349
1470,835932,814515
1471,836307,814372
1472,836771,814156
1473,836995,814122
1475,835577,815236
1476,834418,812356
1479,833486,811721
1481,833183,811745
1486,831918,813804
1487,831572,815687
1489,832460,816341
1499,833618,816545
1503,837994,815684
1504,836639,815566
1507,833259,816311
1508,833353,816281
1509,833523,816142
1510,833622,816120
1511,833784,816022
1512,834366,815759
1513,837991,815543
1515,840614,816360
1535,837141,813851
1536,837950,813196
1537,837569,811111
1538,837540,811382
1539,837741,811917
1540,837784,812313
1544,837185,813812
1545,837072,813940
1546,843904,814144
1549,842655,813834
1551,843304,814127
1552,843708,813868
1553,842199,813952
1557,843393,814216
1559,838722,816854
1560,842212,813784
1563,842541,814335
1565,842883,814404
1567,834054,812273
1568,843832,813877
1574,834286,816254
1581,833808,816447
1701,844893,818993
1702,845093,818788
1703,843989,818656
1704,844550,818556
1705,845084,818757
1706,844551,818591
1707,844828,818695
3000,841154,816213
3001,841261,815717
3002,841986,814941
3004,841525,813216
3005,840843,811960
3007,841026,810742
3008,840035,809475
3009,840049,808766
3011,840089,807497
3015,840853,811271
3016,840834,811982
3018,834469,815430
3019,839245,816983
3021,837104,815954
3022,835936,815744
3023,835750,815729
3024,833480,816534
3025,831305,815975
3027,831275,816180
3028,831518,816175
3030,834236,816007
3033,837497,815654
3034,836780,815623
3036,837063,814802
3038,837300,814331
3039,837503,814043
3040,837612,813936
3041,837548,813820
3043,837550,813827
3044,837487,813958
3045,837490,814084
3061,836125,815432
3066,837850,816123
3067,837956,816081
3068,838070,816363
3078,838104,816217
3080,838896,816638
3081,838760,816584
3082,838576,816532
3083,838413,816571
3084,838219,816462
3085,841020,815440
3089,841402,815457
3091,837344,811271
3094,839034,809452
3095,839145,808820
3096,839146,808692
3097,839173,808618
3098,839188,808734
3100,839212,809139
3104,839314,808763
3106,839180,808602
3108,838965,809414
3109,838735,810568
3110,838445,811035
3112,837335,811245
3113,837422,811753
3114,837267,811879
3116,832064,816082
3124,838057,815322
3131,836440,815522
3134,833132,811621
3135,834303,811576
3138,839999,808868
3142,835142,812168
3144,833996,812177
3149,841802,815214
3150,841770,813056
3152,842443,811645
3153,842755,809807
3154,843468,810207
3156,843537,810483
3159,843699,810711
3160,843912,810227
3161,843685,810738
3163,843642,810907
3167,842734,809792
3168,842301,811705
3171,841581,813147
3172,836386,815664
3173,835659,815580
3174,838133,816022
3178,837873,816081
3184,832442,813012
3185,831692,815899
3186,831351,815172
3187,831175,815070
3188,830894,814924
3189,830594,814839
3190,830391,814947
3191,830295,815002
3192,830459,814938
3193,830635,814861
3195,831284,815120
3196,832468,816552
3198,835352,812303
3200,833469,812485
3202,835192,812055
3214,836819,815847
3216,837211,815526
3217,838174,815245
3225,840472,808538
3226,837585,811022
3235,837614,814438
3236,837814,814898
3238,837958,815218
3242,842034,813942
3244,842053,813728
3245,842010,813601
3246,842280,813677
3247,842350,814107
3248,842273,814184
3251,835554,815481
3253,842128,814225
3255,842204,814100
3256,842332,814041
3257,842401,813961
3259,841970,813579
3262,838060,815470
3263,839474,816971
3268,841421,815456
3269,841860,813501
3273,833965,816501
3274,839485,817019
4001,837872,822918
4002,837621,822886
4003,837391,822793
4004,837557,822294
4005,837610,822082
4006,837768,821807
4008,837429,821474
4009,837323,821247
4010,837314,820996
4011,836922,820832
4012,836646,820780
4013,836274,820709
4014,836023,820663
4015,835862,820632
4016,835546,820571
4018,835575,819670
4020,835673,819142
4021,835724,818641
4022,835745,818381
4024,835805,817437
4025,835463,817244
4027,835722,818411
4028,835680,818887
4030,835549,819694
4032,835679,820306
4033,835641,820500
4034,835494,820650
4035,835880,820865
4037,837170,820922
4038,837248,821031
4039,837258,821296
4040,837512,821490
4043,837545,822344
4047,835496,820089
4048,835550,819804
4049,835717,818717
4050,835763,817761
4051,835737,818208
4052,835706,818604
4053,835592,819470
4055,836702,820901
4056,841889,819985
4059,842048,819619
4060,841730,819960
4061,841486,820053
4062,841398,819773
4067,840123,820341
4072,838333,821450
4074,837486,820926
4076,835756,817895
4077,836322,820884
4078,836858,820908
4079,837455,820954
4081,838311,821551
4082,838497,821653
4084,839771,821241
4087,840328,819724
4088,840835,819501
4089,841215,819351
4090,841339,819674
4091,841559,820139
4092,841710,819994
4093,841908,819788
4094,842133,819544
4097,834395,822422
4098,834616,822235
4099,834499,821997
4101,834744,821529
4102,834571,821086
4103,834781,820908
4104,835100,820644
4105,835330,820452
4109,834879,821037
4111,834502,821506
4113,834439,822062
4114,834285,822346
4117,838340,822202
4118,838079,821855
4119,837600,820793
4120,837446,820487
4121,837381,820059
4122,837387,819833
4123,837378,819511
4124,837247,819244
4132,836171,817901
4135,836988,818933
4136,837220,819246
4137,837361,819757
4139,837356,820343
4144,839128,821880
4145,837375,820539
4146,836712,818305
4147,836281,817487
4148,836274,817515
4150,837360,819975
4152,838718,823468
4154,839089,823133
4155,838869,823119
4156,838725,823127
4157,838466,823027
4158,838409,822868
4159,838442,822706
4161,838121,821670
4162,837483,820568
4163,837538,820481
4164,837983,820275
4165,837943,820094
4166,837773,819900
4167,837650,819761
4169,837385,819178
4170,837381,818846
4172,837011,818602
4174,836342,818189
4175,836794,818322
4176,837058,818711
4177,837336,818759
4179,837363,819438
4180,837535,819663
4181,837650,819795
4183,837554,820339
4184,837436,820518
4185,837572,820818
4186,838064,821874
4187,838529,822784
4188,838657,822987
4189,838859,823023
4190,839076,823161
4191,838905,823285
4192,838812,823282
4194,833554,822239
4195,833640,822272
4197,834360,821987
4198,834736,821675
4199,835111,821313
4200,835229,821090
4201,835393,820626
4202,835435,820283
4204,835233,821040
4205,834976,821376
4206,834606,821682
4207,834425,821833
4208,834133,822077
4209,834058,822140
4210,833731,822133
4211,833359,822028
4213,832542,822165
4214,833594,822118
4215,832600,821936
4216,832526,822165
4217,832433,822302
4218,837380,822223
4219,837493,821881
4220,837332,821960
4221,836858,822234
4223,836516,822091
4224,836473,821373
4225,836461,821175
4226,836424,820433
4227,836248,820107
4228,836070,819852
4229,835848,819526
4230,835736,819365
4231,835763,818090
4232,835742,818090
4233,835736,819409
4234,835837,819555
4236,836226,820117
4238,836437,821192
4240,836465,821910
4241,836341,822211
4242,836425,822339
4243,836730,822235
4244,837042,822268
4245,837327,822005
4246,834825,818438
4247,835180,818580
4248,835437,818524
4249,836052,819869
4250,836229,819904
4252,836755,819721
4253,836656,819494
4254,836378,819507
4255,836411,819269
4256,836612,819007
4257,836823,819134
4258,837050,819046
4259,836205,818012
4260,837231,818693
4261,837316,818869
4262,837026,819043
4263,836734,818901
4264,836624,818975
4265,836379,819260
4268,836743,819729
4269,836658,819937
4272,835600,818466
6000,835870,824356
6001,836076,824399
6002,836719,825066
6003,836101,825146
6004,836121,825148
6005,836115,825340
6007,835866,825153
6008,835762,824999
6009,835969,824986
6010,835824,824862
6011,835672,824832
6012,836648,825401
6013,836450,825519
6014,836419,825479
6015,836379,825731
6017,836070,825504
6018,836090,825495
6019,835407,825239
6020,835353,825213
6021,835041,824934
6022,834999,824930
6023,834586,824389
6024,834522,824348
6025,834340,823998
6026,834322,823918
6027,833852,823333
6028,833785,823308
6029,833614,822927
6030,833596,822796
6031,833982,822753
6032,834066,822763
6034,835693,825553
6035,836052,825981
6036,836012,825778
6039,836288,826068
6040,836279,826026
6041,836596,825867
6042,836629,825937
6043,836852,825777
6044,836832,825861
6045,837344,825523
6046,837366,825613
6047,837225,825743
6048,837349,825995
6049,837160,826028
6050,837166,825976
6051,837508,826275
6052,837516,826246
6053,837534,825717
6054,837263,826508
6055,837238,826504
6056,836704,826511
6058,836733,826449
6060,836348,826235
6061,836432,826435
6062,836447,826466
6063,836227,826310
6064,836203,826347
6065,836063,826509
6066,835949,826646
6067,836174,826772
6068,835951,826770
6069,837327,826707
6070,837426,826729
6071,837606,826994
6072,837801,826583
6073,837724,826457
6075,838212,826469
6076,838386,826603
6077,838377,826642
6078,838731,826534
6079,838798,826904
6080,838822,827078
6081,838859,827226
6082,838287,826800
6084,839062,826739
6085,838956,826851
6086,839036,827071
6088,839178,827213
6089,839197,827202
6090,839211,826996
6091,839215,827023
6092,839447,826766
6093,839609,826727
6094,839492,826869
6095,839509,826919
6096,839846,826828
6097,839877,826836
6098,840068,826897
6099,840072,826997
6100,840004,827101
6101,839871,827096
6102,840144,827080
6103,840194,827080
6104,840305,826896
6105,840474,827019
6106,839562,827164
6107,839539,827225
6108,839269,827444
6109,839297,827460
6110,839044,827699
6111,839010,827811
6112,839271,828061
6113,839295,828050
6114,839310,828024
6115,839373,828183
6116,839989,828953
6117,840240,829183
6118,840368,829272
6119,840902,829648
6120,839760,830054
6121,839710,829896
6122,839604,829685
6123,839541,829680
6124,839292,829551
6125,838773,829007
6127,838632,828728
6128,838594,828622
6130,838483,828438
6131,838534,828499
6132,838329,828307
6133,838298,828304
6135,838255,827596
6136,838072,827686
6137,838271,827576
6138,837958,827552
6139,837924,827495
6140,837924,827421
6141,837842,827314
6142,837975,827277
6143,837968,827223
6144,838075,828179
6145,837821,828630
6146,837805,828623
6150,838055,828574
6151,841008,829768
6152,840760,829950
6153,840857,830159
6154,841575,830979
6155,841648,831130
6156,841329,831060
6157,841438,831240
6158,841405,831274
6159,841392,831412
6160,841614,831394
6161,841588,831382
6162,841985,831087
6163,841960,831095
6164,842047,831460
6165,842036,831483
6166,842465,831574
6167,842602,831622
6168,842611,831606
6169,842861,831789
6170,842739,831843
6171,842727,831831
6172,842791,832022
6173,842408,831841
6174,842328,831799
6175,841903,831655
6176,841903,831684
6177,842834,832010
6178,843897,832316
6179,843921,832301
6180,844216,832369
6181,844343,832469
6182,844917,832146
6183,844915,832176
6184,845107,831824
6185,845105,831803
6187,845461,831185
6188,845455,830925
6189,845469,830856
6190,845849,830564
6191,845911,830571
6192,846246,829963
6193,846297,829886
6194,846445,829632
6195,846515,829597
6196,846984,829434
6197,847124,829089
6199,847109,829148
6200,847282,828762
6201,847274,828758
6202,847854,828142
6203,848188,827733
6204,848266,827706
6205,849007,827870
6206,848645,828023
6207,848667,828052
6208,848792,828096
6209,848993,828005
6210,849231,827651
6211,849272,827610
6212,849911,828145
6213,849768,828011
6214,850588,828346
6215,850725,828413
6216,850939,828675
6217,851230,828884
6218,851308,828949
6219,851384,829077
6220,851309,829141
6221,851533,829537
6222,851538,829580
6223,851955,830609
6224,852026,830839
6225,852244,831306
6226,852234,831260
6227,851872,832127
6228,851881,832127
6229,851764,832461
6230,851773,832420
6231,852087,832895
6232,852136,832970
6233,852507,833072
6234,852714,832827
6235,839677,830151
6236,839753,830365
6237,839043,830904
6238,839517,830436
6239,839465,830457
6240,838286,831888
6241,838276,831874
6242,838051,832452
6243,838025,832516
6244,837766,832664
6245,837612,832575
6246,837361,832593
6247,837267,832587
6248,836954,832834
6249,836953,832960
6250,836855,833169
6251,836917,833228
6252,836743,833448
6253,836687,833512
6254,836475,833669
6255,836384,833660
6256,834831,834919
6257,834843,834744
6258,835258,834029
6259,835443,833755
6260,835477,833773
6261,835493,833818
6263,835207,833658
6264,835691,834150
6265,835565,834205
6266,836054,834222
6267,836050,834227
6268,836040,834343
6269,836044,834378
6270,835764,834486
6271,835738,834483
6272,835776,834258
6273,835751,834257
6274,835379,834304
6275,835366,834151
6276,835210,834130
6277,835099,834304
6278,835180,834309
6279,835284,834350
6280,835183,834614
6283,835569,834642
6284,835800,834849
6285,835827,834828
6287,835296,834767
6288,835204,834832
6290,835073,834746
6291,835098,834743
6292,835124,834910
6293,834969,835031
6294,835259,835180
6295,835355,835282
6296,835626,835207
6297,835605,835190
6298,836012,835600
6299,835754,835433
6300,835800,835256
6301,835912,835159
6302,835917,835134
6303,836184,835189
6304,836013,835008
6306,836034,834965
6307,836297,834718
6308,836342,834770
6309,836718,835446
6310,836637,835502
6311,836656,835524
6312,836362,835394
6313,836330,835361
6314,836966,835418
6315,836930,835406
6316,837087,835576
6317,837039,835723
6318,837028,835749
6319,837211,835747
6320,837223,835763
6321,837365,835847
6322,837364,835869
6323,837103,835533
6326,837400,835356
6327,837438,835091
6328,837679,834955
6329,837679,834939
6330,837438,835701
6331,837725,835848
6332,837921,835751
6333,837998,836305
6334,839597,836597
6335,839589,836526
6336,839413,836006
6337,839442,836110
6338,839079,835669
6339,839247,835863
6440,839077,835692
6441,839217,835455
6442,839168,835553
6444,839632,835296
6445,840057,835264
6447,838398,835571
6448,838368,835556
6449,837950,835772
6450,834660,835034
6451,834116,834952
6452,834081,834945
6453,833592,835419
6454,833348,835691
6455,833346,835733
6456,833069,835601
6457,833057,835536
6458,839765,836802
6459,839807,836825
6460,839978,837031
6461,839997,837092
6462,840209,837068
6463,840264,837038
6464,840655,836773
6465,840664,836757
6466,840944,836844
6467,841029,836886
6468,841399,836909
6469,841340,836915
6470,841683,836965
6471,841562,836926
6472,841911,837009
6473,841925,836998
6475,842049,836959
6476,842653,837709
6477,842962,838023
6478,842824,837865
6479,843111,838440
6480,843165,838601
6481,843013,838825
6482,842942,839370
6483,842908,839434
6484,842481,840305
6485,839474,843882
6486,839410,843813
6487,839254,843702
6488,839213,843651
6489,839112,843586
6490,839053,843530
6491,838811,843467
6492,838788,843454
6493,838565,843396
6494,838485,843333
6495,838131,843133
6496,838074,842920
6497,837463,842771
6498,837432,842740
6499,836871,842444
6500,836817,842444
6503,836226,842271
6504,836210,842223
6505,835876,841972
6506,835820,841921
6507,835481,841725
6508,835369,841606
6509,835033,841359
6510,834971,841357
6511,834650,841216
6512,834722,841226
6513,834526,841139
6514,834410,841115
6515,834014,840871
6516,834049,840873
6517,833445,840477
6518,833437,840438
6519,833129,840138
6520,833047,840009
6521,832846,840105
6522,833041,839050
6523,832738,839059
6524,832730,839034
6525,832599,839208
6526,832493,839215
6527,832483,839194
6528,832409,839130
6529,832478,839404
6530,832439,839568
6531,832473,839563
6532,832655,839615
6533,832756,839694
6534,832791,839768
6535,833108,838976
6536,833291,838568
6537,833430,838512
6538,833600,838403
6539,833673,838362
6540,832921,835341
6541,832920,835326
6542,832710,835127
6543,832715,835117
6544,832565,834961
6545,832560,834933
6546,832252,834594
6547,832236,834568
6548,831974,834396
6549,831954,834353
6550,831731,834110
6551,831694,834046
6552,831557,833929
6553,831504,833873
6554,831383,833804
6555,831389,833792
6556,831224,833615
6557,831217,833622
6558,831133,833508
6559,830990,833443
6560,830955,833425
6561,830772,833332
6562,830725,833264
6563,833352,836030
6564,833622,836378
6565,833629,836363
6566,833711,836527
6567,833726,836535
6568,833816,836991
6569,833812,836910
6570,833882,837317
6571,833874,837344
6572,833828,837994
6573,833816,838020
6574,832625,838097
6575,832900,838281
6576,833085,838337
6577,833130,838406
6578,832783,838424
6579,832828,838560
6580,832753,838408
6581,832714,838640
6582,832561,838747
6583,832538,838638
6584,832518,838619
6585,832597,838334
6586,832636,838305
6587,832414,838268
6588,832390,839014
6589,832363,839005
6590,831993,839068
6591,831967,839041
6592,832069,839260
6593,831778,839164
6594,831816,839221
6595,831608,839547
6596,831556,839530
6597,831271,839640
6598,831760,839754
6599,832109,839529
6600,832201,839496
6601,832216,839906
6602,831961,840001
6603,832599,839742
6604,832604,839697
6605,832714,840151
6606,832727,840118
6608,831757,840230
6609,831846,840454
6610,831439,840458
6611,831599,840635
6612,831600,840608
6613,831478,840559
6614,831456,840548
6615,831294,840855
6616,831225,840853
6618,831040,840798
6619,831047,840773
6620,830779,840493
6621,830944,840322
6622,830911,840364
6623,831105,840476
6624,831117,840466
6625,831219,840332
6626,831178,840270
6627,831386,840383
6628,831214,840159
6629,831163,840176
6630,831037,840129
6631,830802,840186
6632,830774,840244
6633,831220,839648
6635,830941,839772
6636,830709,839792
6637,830524,839529
6638,830477,839451
6639,830690,839811
6640,830684,839983
6641,830624,840007
6642,830282,840077
6643,830103,840202
6644,830041,840269
6645,831057,841314
6646,830121,838987
6647,830120,838957
6648,829660,837999
6649,829657,837907
6650,829521,837429
6651,829469,837360
6652,829398,837258
6653,829378,837036
6654,829307,836957
6655,829259,836640
6656,829238,836556
6657,829099,836155
6658,828976,836061
6659,828848,835896
6660,828851,835919
6661,828714,835732
6662,828695,835730
6663,828240,835065
6664,828237,835092
6665,829744,840315
6666,829644,840334
6667,829151,840393
6668,829078,840433
6669,828593,840259
6670,828576,840440
6671,828342,840460
6672,828160,840295
6673,827855,840412
6674,827924,840498
6675,830131,832699
6676,830141,832678
6677,829372,832525
6678,829289,832462
6679,828861,832467
6680,828927,832324
6681,828687,832534
6682,828656,832457
6683,828639,832431
6684,833356,836006
6685,827091,840539
6686,826882,840354
6687,826873,840483
6690,826499,840398
6691,830931,842112
6692,830899,842131
6693,830776,842359
6694,830762,842352
6695,831305,843439
6696,831001,843146
6697,831027,843201
6698,830769,842905
6699,830617,842726
6701,831627,843870
6702,831338,843514
6703,833415,844576
6705,840593,845021
6706,840556,844985
6707,840415,844841
6708,840346,844732
6709,840299,844680
6710,840058,844366
6711,840042,844335
6712,839687,844057
6713,839626,843991
6714,835224,841742
6715,835217,841727
6716,835105,842074
6717,835112,842102
6718,834824,842416
6719,834789,842450
6720,834634,842680
6721,834606,842730
6722,834459,842999
6723,834397,843166
6724,834062,843317
6725,834047,843313
6726,833849,843584
6727,833843,843579
6728,826515,840078
6729,826206,839703
6730,826095,839895
6731,825984,839806
6732,825646,839531
6733,825544,839487
6734,824147,838599
6735,824077,838540
6736,824099,838055
6737,823999,837921
6738,824086,837868
6739,823879,837418
6740,823942,837349
6741,823759,837032
6742,823856,836993
6743,823769,836652
6744,823668,836640
6745,823630,836143
6746,823538,835996
6747,823554,835806
6748,823472,835703
6749,823393,835436
6750,823461,835339
6752,824388,839309
6753,825069,839589
6754,825142,839571
7001,837111,818471
7006,835693,817288
7014,837172,818733
7015,837442,818550
7016,837819,818730
7025,838224,822217
7026,838170,822420
7029,837492,820844
7030,837123,820620
7031,836800,820462
7032,836494,820310
7033,836160,820153
7034,835933,820109
7035,835591,820043
7036,835531,819900
7041,835783,817790
7050,836152,820179
7051,836626,820409
7052,836879,820532
7053,837083,820628
7054,837352,820786
7055,837488,820873
7056,837906,821178
7059,837961,822096
7060,838057,822329
7065,842087,820098
7066,841781,820471
7067,841850,820244
7068,841936,819917
7074,841328,820346
7075,841173,820265
7076,840967,820203
7079,840232,820614
7080,839382,820687
7081,836850,818799
7082,835834,818531
7088,839426,820719
7089,840549,820379
7091,840986,820213
7092,841121,820196
7093,841339,820359
7094,841410,820206
7100,841799,820288
7101,841794,820477
7102,842105,820110
7103,836083,821988
7104,836125,821874
7105,836131,821554
7106,836110,821366
7107,836025,821114
7108,836214,820779
7111,832332,812563
7112,835614,812417
7113,835880,812404
7117,837042,813957
7120,834524,814192
7121,833690,814245
7122,834517,814200
7123,836447,814641
7125,843825,813845
7130,840439,816361
7131,839974,816141
7132,840054,816115
7133,839700,816853
7135,839163,816903
7136,836725,815853
7137,837453,815033
8001,834105,816153
8002,834150,816122
8003,834369,815892
8004,834046,816251
8006,834105,816276
8007,833956,816288
8008,833970,816365
8010,833868,816344
8011,833007,816557
8013,832649,816627
8015,832328,816542
8016,832243,816486
8017,831692,816467
8019,831185,816040
8022,830491,814822
8028,833568,811701
8029,833856,810994
8050,835064,815629
8051,835065,815497
8053,835832,815422
8054,835540,815413
8055,836653,815207
8056,836630,815254
8057,836624,815351
8058,836606,815350
8060,835462,811979
8065,839198,809591
8066,839130,808704
8072,840865,811209
8073,842568,810947
8074,842556,810977
8075,842902,809598
8081,837775,814700
8082,838404,821801
8085,838070,821696
8086,838086,822499
8087,837886,822082
8088,837880,822048
8089,837780,821906
8090,837727,821666
8091,837648,821556
8093,837864,821381
8094,837774,821219
8096,837632,821088
8097,837725,820937
8098,837400,821109
8099,837577,821102
8101,837514,820966
8102,837402,821097
8103,837687,823019
8105,845516,819485
8106,845511,819526
8109,845753,820228
8110,845770,820339
8111,845872,820106
8112,845981,820193
8113,845816,820360
8114,845838,820356
8115,845704,820556
8116,846080,820137
8117,846340,819820
8118,846593,819577
8119,846630,819610
8120,847078,819718
8121,847109,819711
8122,847215,819284
8123,847247,819254
8125,847365,818979
8126,847434,818737
8127,847436,818421
8128,847418,818357
8129,847541,818092
8130,847530,818096
8131,847772,817808
8132,847855,817710
8133,847910,817666
8134,848089,817486
8135,848024,817404
8136,847888,816972
8137,847873,817028
8139,846251,816160
8140,846197,816392
8141,846253,816072
8142,846023,816460
8143,845894,816049
8144,846111,815922
8145,846208,816739
8146,846241,817281
8147,846139,817539
8148,846131,817607
8149,845648,818766
8150,845779,819873
8151,845947,819830
8152,845958,819789
8153,844955,819781
8154,844627,820475
8155,844692,820527
8156,844368,820253
8157,844785,819139
8158,844716,819078
8159,844715,819052
8160,844580,819029
8161,844604,818871
8163,844138,818802
8164,844155,818634
8168,844622,819479
8169,844007,819831
8170,844253,819902
8171,843835,820262
8172,843361,820051
8173,843231,820146
8174,843176,820213
8175,843817,820416
8176,843690,820424
8178,842679,818932
8179,842532,818715
8180,842633,818252
8181,842884,817681
8182,842874,817662
8183,842970,817537
8184,842980,817528
8185,842742,817497
8190,842543,817078
8191,842437,817024
8192,842700,817683
8193,842635,817822
8194,842630,817910
8195,842570,818031
8196,842544,818034
8198,842189,818837
8199,842249,819005
8201,842295,819036
8202,842099,819066
8203,841592,818926
8204,841179,818702
8205,841304,818805
8206,841341,818835
8207,840895,818760
8209,840678,819218
8211,840520,819345
8212,840297,819431
8213,840355,819524
8214,840202,819674
8216,840230,819774
8217,840259,819739
8218,840310,819690
8219,840694,819572
8220,840753,819563
8221,840780,819490
8222,840866,819456
8223,840949,819457
8224,840963,819417
8225,841205,819490
8226,841378,819349
8227,841668,819206
8228,841713,819420
8229,841689,819468
8230,841685,819634
8231,841630,819826
8232,841652,819813
8233,841385,819789
8235,841221,819573
8237,841058,819686
8239,841010,819793
8243,841032,820008
8244,841461,820072
8245,841902,820015
8246,842305,819548
8247,842480,819607
8249,842372,819957
8250,842364,819855
8251,841563,820556
8252,841440,821068
8253,841292,821099
8254,841250,821078
8255,841457,821231
8256,841313,821424
8257,841080,821492
8258,840984,821435
8259,841784,821738
8260,841790,821713
8261,842277,821597
8262,842252,821572
8263,842443,821618
8264,842508,821684
8265,842972,821859
8266,843059,822018
8267,843422,822250
8268,843453,822312
8269,843957,822685
8270,844242,822744
8271,844522,822584
8272,844603,822573
8273,844665,822400
8274,844672,822355
8275,844742,821991
8276,844775,821935
8277,845123,821252
8278,845113,821241
8279,844127,823630
8281,844056,823570
8282,843982,823620
8283,843872,823927
8284,843759,823774
8285,843918,824046
8286,843960,824075
8287,844053,824507
8288,844220,824600
8289,844503,824740
8290,844509,824732
8291,844761,825050
8292,844773,825114
8293,844845,825368
8294,844812,825489
8295,844826,825873
8296,844841,825897
8297,845010,826207
8298,845064,826270
8299,845364,826562
8300,845402,826593
8301,845694,826838
8302,845732,826842
8303,845946,826983
8304,845969,827055
8305,846036,827138
8306,846251,826996
8307,846000,827483
8308,846032,827520
8309,846632,828258
8310,847228,828471
8311,847213,828484
8312,847478,828588
8313,847585,828525
8314,847826,828305
8315,840218,820101
8316,840271,820181
8317,840137,820569
8318,840127,820715
8319,840273,820587
8320,840383,820454
8322,839857,821091
8323,839866,821693
8324,840843,821641
8325,839573,820249
8326,839446,820225
8327,839518,820841
8328,839537,820859
8330,839274,820510
8332,839303,820408
8333,839090,820369
8334,839078,820329
8336,839230,821180
8337,839123,822014
8339,838844,822089
8341,838286,822671
8343,838546,822800
8344,838407,822939
8345,838411,823079
8346,838529,823281
8347,838598,823514
8348,838985,823087
8349,838759,822994
9000,835372,818046
9002,835385,818537
9003,835728,818317
9004,835788,817364
9007,836231,818096
9009,835672,818968
9010,835702,818880
9011,835836,818745
9012,835825,818784
9013,836806,818423
9014,836688,818233
9015,836617,818240
9016,835295,818691
9017,835271,818689
9019,837525,818056
9020,837001,818631
9021,837001,818587
9022,837067,818784
9023,837157,818473
9025,837387,820359
9026,837367,820371
9027,837442,820478
9028,837366,818944
9029,837308,819150
9030,837399,819475
9031,837421,819499
9032,837675,819790
9033,837632,819740
9034,837878,820190
9035,837977,819912
9036,835668,819168
9038,835535,818687
9039,835543,819104
9040,834912,819698
9041,834989,819424
9045,836012,820156
9047,834673,819899
9048,834607,819986
9049,834728,819979
9050,834586,819950
9051,835614,819469
9052,835578,819542
9053,835557,819656
9054,835527,819806
9055,835438,819677
9057,836146,819328
9058,836946,819126
9059,836840,819238
9061,836757,819458
9062,836723,819612
9065,836626,819737
9066,836219,819885
9067,836830,820095
9068,836907,820126
9069,837305,820111
9070,835470,820107
9071,835489,820121
9072,835363,820069
9073,835306,820048
9074,835291,820123
9075,835547,820126
9076,835375,820390
9077,835345,820751
9078,835303,820650
9079,835214,820758
9080,835239,820833
9081,835083,820167
9082,834975,820720
9083,835098,820855
9084,834913,820822
9085,834737,820502
9086,834719,820489
9087,834722,820301
9088,834763,820075
9089,834828,820075
9091,833990,820912
9092,833960,820903
9093,834093,820887
9094,834200,820912
9095,834283,820976
9096,834514,820398
9097,833461,821894
9098,833776,821715
9099,833804,821733
9100,833951,821556
9101,834278,821298
9102,834358,821103
9103,834418,821015
9104,834498,821145
9105,834558,821065
9106,834497,820949
9107,834637,820883
9108,834661,820859
9109,834766,820896
9111,835552,820231
9112,835596,820239
9114,835789,820249
9115,835789,820377
9116,835659,820493
9117,835560,820857
9119,835984,820734
9120,836684,820900
9121,836637,820810
9122,836859,820820
9123,836350,820723
9124,837366,820914
9125,837413,820947
9128,836258,822326
9129,837304,821055
9130,837310,821226
9131,837272,821341
9132,837326,821350
9133,837340,821618
9134,837373,821815
9135,836725,821239
9136,836747,821848
9137,836772,822148
9138,836777,821602
9139,836786,821591
9140,836774,821405
9141,836795,821372
9142,836791,821187
9143,836801,821144
9144,836785,821046
9145,836795,820986
9146,837103,821108
9147,837091,821121
9149,837603,822587
9150,836848,822387
9151,836908,822506
9152,837607,822988
9153,837480,822955
9154,837513,822969
9155,837371,822974
9156,837294,822971
9157,837364,823048
9158,836869,822686
9159,836638,822569
9160,836760,822363
9161,835044,822366
9162,835064,822387
9164,834998,822381
9165,835844,822673
9166,835858,822610
9168,835003,821418
9169,835014,821431
9170,834843,821722
9171,834771,821809
9172,836020,821126
9173,836054,821443
9174,836120,821630
9175,835169,821480
9176,835164,821494
9177,835405,821758
9179,835447,821846
9180,835467,821876
9181,835384,821934
9182,835376,821948
9183,835471,821987
9184,835316,822174
9185,835236,822180
9186,835082,821620
9187,835051,821706
9189,835092,821861
9192,835176,821394
9193,835240,821487
9194,835353,821418
9195,835481,821385
9196,835516,821397
9197,835655,821397
9198,835764,821208
9199,835726,821332
9200,835726,821146
9201,835785,821006
9202,835774,820980
9203,835819,821350
9204,835717,821615
9207,835994,821796
9208,836010,821795
9209,834825,821054
9210,834803,821076
9211,834781,821119
9212,834535,821278
9213,834509,821247
9214,834482,821252
9215,834700,821371
9216,834677,821358
9217,834773,821308
9218,835098,821009
9219,835127,821015
9220,834102,821544
9221,834158,821585
9223,833588,822143
9224,833844,822083
9225,834006,821959
9226,834210,821782
9227,834179,821773
9228,834386,821604
9229,834495,821540
9230,835099,821091
9232,834990,821252
9233,834971,821278
9234,834889,821447
9235,834692,821504
9236,834322,821919
9237,834213,822009
9238,833757,822315
9239,833461,822205
9240,833299,822144
9241,833204,822109
9242,832955,822058
9243,832952,822089
9245,833982,822308
9246,834176,822283
9247,834169,822147
9248,834261,822071
9249,834297,822041
9250,834525,822063
9251,834498,821872
9252,834453,821910
9253,834666,821733
9254,834505,822307
9255,832681,822015
9256,832636,822004
9257,832508,821957
9258,832479,821963
9261,811394,819784
9263,811502,819109
9264,811724,818322
9267,810635,817504
9416,829040,822711
9417,829147,822862
9418,829162,822964
9419,829335,822870
9420,829362,822860
9421,830283,823536
9422,830387,823604
9423,829368,823302
9424,829315,823415
9425,829173,823601
9426,829114,823640
9427,829270,823805
9428,829269,823844
9430,828975,823930
9431,829078,823999
9432,829042,824103
9433,828940,824315
9434,829104,824555
9435,828646,824723
9436,828094,823843
9437,828098,823905
9438,828102,824036
9439,828084,824113
9440,827969,824255
9441,828193,823398
9442,828284,823378
9443,828328,823388
9444,828491,823385
9445,828405,823439
9446,828436,823432
9447,828543,823531
9448,828651,823544
9449,828937,823482
9450,828973,823494
9451,829066,823448
9452,829076,823254
9453,829050,823231
9454,828949,823232
9455,828719,823325
9456,828679,823312
9458,828868,823703
9459,828598,823857
9460,828577,823898
9461,828586,824084
9462,828564,824092
9463,828697,824006
9464,828721,823889
9466,831069,823693
9467,831068,823723
9468,830635,823961
9469,830609,823885
9470,830270,825249
9471,830294,825254
9473,830826,825710
9474,830933,825692
9475,831043,825772
9476,831068,825781
9477,831311,825834
9478,831377,825831
9479,831485,825753
9480,831544,825700
9481,831640,825673
9482,831755,825682
9483,831759,825689
9484,831705,825594
9485,831819,825415
9486,831755,825325
9487,831952,825363
9488,831722,825028
9489,831629,824838
9490,831644,824771
9491,831522,824508
9492,831546,824481
9493,831468,824326
9494,831013,824133
9495,831004,824108
9496,831040,824324
9498,831589,824898
9499,831473,824990
9501,831234,824152
9502,830712,825006
9503,830688,824903
9504,830538,824749
9505,830483,824718
9506,830659,824683
9507,830665,824674
9508,830666,824509
9509,830698,824506
9510,830895,824636
9511,831142,824913
9512,831212,824813
9513,831223,824806
9514,831323,824971
9515,831446,825113
9516,831437,825122
9517,831192,825091
9518,831195,825110
9519,831033,825132
9520,831000,825086
9521,831396,825519
9522,831462,825550
9523,831635,825280
9524,831626,825207
9525,831545,825229
9527,832033,825046
9528,832076,824656
9529,831972,824548
9530,831609,823892
9531,831640,823774
9532,831764,823654
9533,831736,823601
9534,832390,822782
9535,832404,822743
9536,832788,822337
9537,831518,823946
9538,831157,823630
9539,831258,823672
9540,831281,823686
9541,831159,823554
9542,831125,823415
9543,831114,823222
9544,831098,823194
9545,831081,823031
9546,831141,822936
9547,831197,822886
9548,831296,822979
9549,831294,823003
9550,831405,822805
9551,831481,822751
9552,831583,822713
9553,831718,822469
9554,831709,822464
9555,831915,822270
9556,832034,822333
9557,832065,822462
9558,832068,822718
9559,832120,822753
9560,832283,822624
9561,832120,822476
9563,832295,822433
9564,832507,822050
9565,831717,822273
9566,831613,822387
9567,831892,825730
9568,831924,825694
9569,832136,825795
9570,832277,825650
9571,832342,825721
9572,832294,825654
9573,832429,825906
9574,832525,825606
9575,832680,825689
9576,832638,825533
9577,832630,825517
9578,832688,825322
9579,832512,825101
9580,832390,825169
9581,832370,825049
9582,832334,824981
9583,832249,824919
9584,832120,824864
9585,832305,824822
9586,832188,825240
9587,832358,825355
9588,832389,825475
9589,832420,825614
9590,832091,826043
9591,832105,826048
9592,832088,826248
9593,832121,826497
9594,832173,826575
9595,832148,826450
9596,832010,826803
9597,831966,826785
9598,832228,826908
9599,832292,826947
9600,831602,826617
9602,830679,826109
9603,830680,826151
9604,830886,826306
9605,830888,826280
9606,831174,826634
9607,831166,826612
9608,830663,825997
9610,830301,825819
9612,830262,825904
9613,830178,826059
9614,830166,826083
9615,830562,825867
9616,831377,826716
9617,831399,826742
9618,828933,827659
9619,829233,827215
9620,828811,828065
9621,829242,827217
9622,829643,826891
9623,829593,826966
9624,829679,826729
9625,829664,826727
9626,830082,826350
9627,830375,826303
9628,830035,826112
9629,830010,826077
9630,829948,826080
9631,829949,826051
9632,829901,826072
9634,829997,826032
9635,829699,826188
9636,829655,826372
9637,829429,826361
9638,829454,826362
9639,829533,826468
9640,829388,826542
9641,829335,826554
9642,829241,826602
9643,829204,826599
9644,829105,826606
9646,828776,826472
9647,828796,826340
9648,828905,826410
9651,829160,826287
9652,829259,826249
9656,829352,825851
9657,829522,826075
9658,829485,826077
9659,829658,825445
9660,829732,825166
9661,829924,825068
9662,829938,825082
9663,829756,824993
9664,829816,824816
9666,830038,825314
9667,830166,825381
9668,830153,825391
9669,830441,825543
9670,830422,825556
9671,830225,825536
9672,830146,825583
9673,830027,825652
9674,830026,825635
9675,829935,825688
9676,829621,825888
9677,829758,826134
9678,829960,825832
9679,829996,825856
9680,829988,825891
9681,829915,825468
9682,829832,825478
9683,828663,826009
9684,828636,825899
9685,828620,825799
9686,828461,825847
9688,828298,825668
9689,828334,825596
9690,828109,825459
9691,828026,825483
9692,827638,825446
9693,827424,825389
9694,827106,825372
9695,826696,825515
9696,826248,825681
9697,826205,825688
9698,825867,825463
9699,825724,825424
9700,825269,825037
9701,825206,825058
9704,824546,825319
9705,824401,825397
9706,824382,825379
9707,824103,825295
9708,824150,825307
9709,823921,825226
9710,823900,825166
9711,823861,825114
9712,823807,825143
9713,823821,825141
9714,823680,825091
9715,823695,825076
9716,823623,824963
9717,823322,824808
9718,823284,824803
9719,822871,824659
9720,822419,824634
9721,822631,824696
9722,821741,824314
9723,821764,824282
9724,821460,824156
9725,821441,824177
9726,819598,825005
9727,819216,825248
9730,815717,827015
9731,815935,827184
9732,816048,827259
9733,814588,826011
9736,814390,826603
9737,814338,826601
9760,814325,826880
9761,814390,827154
9763,814475,827383
9764,814973,826998
9765,815004,826960
9766,815236,827208
9767,815406,827203
9768,815220,827190
9770,815513,827289
9771,816087,827560
9772,816063,827576
9773,815877,827915
9774,815869,827942
9775,815769,828041
9776,815708,828086
9777,815906,828145
9778,815830,828219
9780,815686,828332
9781,815359,828309
9782,815493,828104
9783,815533,828056
9784,815562,828037
9785,815515,827617
9786,815497,827608
9787,814735,828047
9788,814733,828248
9789,814711,828282
9790,814959,828435
9791,815035,828386
9793,814698,828623
9794,814721,828642
9795,814825,829070
9796,814833,829086
9797,814628,829087
9798,814562,829149
9799,814745,829210
9800,814767,829192
9801,814679,829631
9802,814658,829620
9803,814859,829556
9804,814847,829525
9805,815260,829398
9806,815171,829260
9807,815195,829126
9808,815182,829097
9809,814950,829230
9815,815726,828579
9816,815743,828579
9817,815647,828602
9818,815719,828738
9819,815638,828844
9820,815706,828843
9823,815752,829205
9824,815736,829204
9825,815718,829266
9826,815915,829337
9979,820824,834230
9982,820407,834549
10000,836912,815400
10001,840117,808840
10002,840479,809996
10003,841551,813145
10004,837182,815390
10006,840149,807385
10007,839173,808740
10008,837163,812772
10010,839615,809047
10137,823214,833750
10138,823483,833603
10139,823398,833678
10140,823858,833438
10141,823848,833418
10142,823311,834799
10143,824297,833392
10144,824382,833404
10145,824491,833401
10146,824628,833426
10147,824760,833399
10148,824932,833381
10149,824927,833368
10150,825210,833385
10151,825123,833390
10152,825759,833428
10153,825791,833438
10154,826185,833470
10155,826184,833459
10156,826622,833565
10157,826805,833525
10158,826897,833587
10159,827206,833525
10160,827234,833557
10161,827267,833579
10162,827364,833487
10163,827681,833842
10164,827710,833893
10166,827901,834087
10167,828029,834312
10168,828033,834360
10169,828175,834685
10170,828175,834750
10171,827666,833324
10172,827708,833307
10173,828081,833179
10174,828120,833173
10175,828506,832829
10176,828551,832766
10177,828595,832647
10178,828385,832355
10179,828357,832339
10180,827880,832270
10181,827788,832282
10182,827500,832262
10183,827485,832268
10184,827004,832174
10185,827009,832166
10186,826755,832112
10187,826702,832112
10188,826500,831976
10189,826497,831988
10190,826255,831798
10191,826240,831781
10192,826072,831681
10193,826036,831667
10194,825793,831772
10195,825837,831702
10196,825658,831910
10197,825577,831974
10198,825467,832150
10199,825453,832179
10200,825384,832464
10201,825370,832494
10202,825311,832710
10203,825305,832770
10205,824947,833127
10206,824809,833192
10207,824720,833198
10208,824616,831296
10209,824690,831203
10210,829213,831984
10211,829177,832033
10212,828972,832279
10213,829612,831517
10214,829641,831278
10215,829657,831290
10216,829394,830447
10217,828875,829806
10218,828906,829712
10219,829253,828874
10220,829235,828461
10221,829228,828448
10222,828791,828087
10224,835226,812081
10225,835402,820465
10226,841543,815802
10227,841455,815984
10229,841421,816001
10230,840759,816200
10231,839400,822838
10232,839295,822933
10233,837252,815561
10234,841914,831748
10236,834931,819701
10237,834952,819504
10238,841200,821394
10239,822382,822136
10240,822352,822236
10241,834446,816457
10242,844023,818446
10243,844895,818852
10244,838007,822235
10245,846215,817254
10246,833231,816614
11037,809901,809541
11038,810528,809702
11039,810828,809780
11040,811058,809911
11041,811404,810027
11042,812025,810303
11051,811220,815386
11052,811382,815553
11053,811564,815582
11054,811787,815597
11055,811872,815696
11056,811738,815581
11057,811567,815571
11058,811406,815545
11059,811252,815398
11066,812559,810549
11067,811372,810010
11068,811146,809920
11069,810767,809736
11070,810674,809650
11071,809864,809467
11072,809763,809335
11073,809198,809170
11074,808844,809206
11075,808547,809464
11076,807497,809727
11078,806814,809963
11079,807121,811246
11080,811752,815845
11084,811732,815907
11085,812032,815389
11086,811016,814535
11087,810938,814499
11088,811022,814540
11089,814700,817695
11090,816964,818894
11091,817837,819632
11092,817602,819421
11093,817028,819000
11094,816928,818939
11095,814684,817727
11102,811052,809882
12000,818199,814014
12001,818073,814146
12002,817761,814086
12003,817679,814229
12004,817677,813433
12005,816884,813033
12006,816661,812978
12007,816430,812552
12008,816048,812054
12009,815884,811737
12010,815744,811636
12011,815444,811623
12012,815200,811612
12013,814856,811383
12014,814603,811113
12015,814311,810994
12016,814082,810747
12017,813911,810577
12018,813645,810704
12019,813330,810905
12020,813079,810852
12021,812765,810679
12022,812012,810269
12023,814207,811047
12024,813624,811249
12025,812186,812164
12026,811609,813851
12027,811486,814110
12028,811272,814576
12029,811164,815282
12035,811788,816874
12036,811961,815725
12041,811212,815223
12042,811279,814643
12043,811521,814084
12044,811588,813925
12045,812116,812270
12046,813656,811254
12047,812608,810596
12048,812803,810715
12049,813030,810871
12050,813425,810917
12051,813625,810705
12052,813929,810596
12053,814076,810750
12054,814394,811011
12055,814595,811148
12056,814855,811492
12057,815562,811635
12058,815704,811636
12059,815889,811764
12060,816077,812096
12061,816440,812571
12062,816743,813032
12063,817056,813185
12064,817659,813563
12065,817965,813930
12066,817839,813826
12069,810411,810035
12070,809394,809235
12071,807059,809620
12072,811463,819618
12250,812896,817017
12351,822751,819732
12352,835582,817444
12353,833286,821484
12354,837150,818397
12355,838857,821762
12356,821917,819955
12360,820133,833668
12361,819888,833682
12362,820396,834277
12363,821675,834137
12364,837624,822051
12522,832474,815817
12523,833538,815920
12524,832478,815798
12525,840080,808686
12526,841742,813071
12527,842881,809602
12528,843130,809181
12529,831631,816224
12530,814821,826195
12531,833299,821623
12532,833434,821328
12533,834964,811587
12536,830193,815126
12537,840041,807706
12538,840051,807704
12539,811445,815941
12544,834207,816349
12545,811987,816831
12546,833428,815962
12551,845163,819021
12553,845126,819043
12556,834994,819977
12559,842146,813828
12562,833318,821638
12563,833714,821132
12564,834183,819980
12565,836367,819512
12568,833240,816452
12569,823549,824900
12570,833710,816472
12572,837873,822891
12574,831738,813255
12575,831689,813461
12576,814645,825977
12578,832078,812920
12580,832933,816680
12581,837298,822848
12583,835924,815409
12584,837423,815562
12587,817576,825831
12588,818785,835072
12589,812785,825481
12590,817568,825809
12591,818423,825876
12617,835584,815448
12620,817192,833395
12622,817954,833433
12623,817895,833453
12625,821081,835808
12626,820907,836041
12627,820835,836239
12628,820609,836124
12629,820512,835905
12630,820347,835647
12631,820459,835394
12632,820528,835103
12633,820260,833450
12634,820354,833505
12635,820549,835076
12636,820456,835446
12637,820484,835869
12638,820385,835590
12639,820622,836093
12640,820825,836205
12641,820938,835980
12642,821049,835832
12643,820794,835733
12644,820700,834666
12645,820683,834458
12646,820342,833807
12647,820486,833749
12648,820443,833738
12649,820924,833742
12650,820917,833731
12651,821102,833521
12652,821092,833504
12653,821122,833144
12654,821095,833203
12655,821027,832901
12656,821022,832916
12657,821005,832656
12658,820998,832646
12659,821006,832557
12660,820991,832470
12661,821007,832313
12662,820998,832314
12663,821053,832050
12664,821059,832056
12665,821266,831831
12666,821257,831826
12667,821383,831619
12668,821375,831620
12669,821281,831499
12670,821282,831491
12671,821134,831465
12672,821138,831474
12673,820952,831388
12674,820976,831419
12675,820625,831009
12676,820701,831008
12677,820497,830762
12678,820498,830775
12679,820308,830786
12680,817460,834377
12681,817473,834458
12682,817514,834839
12683,817542,834798
12684,817204,835253
12685,817292,835169
12686,817087,835529
12687,817073,835516
12688,816909,835799
12689,816969,835774
12690,816648,836128
12691,816692,836093
12692,816405,836447
12909,837289,815635
12910,834407,820555
12911,835365,818151
12912,834637,820028
12913,834499,820335
12914,841875,820012
12915,842485,817002
12916,842376,819559
12917,842837,819405
12918,839435,821895
12919,837353,820189
12920,816356,830306
12921,829054,823896
12922,828900,823727
12923,833319,811576
12924,833826,811680
12925,835595,812464
12926,817980,835389
12927,818194,834705
12928,818435,835504
12929,833401,821477
12930,835985,834986
12931,846113,827204
12932,839544,809447
12933,834635,834603
12934,837309,835290
12935,831753,840270
12936,835151,834651
12937,834635,834603
12938,819973,834316
12939,835434,817904
12940,811563,819340
12941,811484,819544
12942,835542,820174
12944,815682,828187
12945,815649,828107
12946,831371,814231
12947,831159,814900
12948,830676,815875
12950,830270,815010
12951,830296,814988
12952,831211,814837
12953,844606,820461
12954,836180,826173
12955,835641,825484
12956,815673,827373
12958,817523,832813
12959,815974,830440
12960,813406,825992
12961,811251,825664
12962,817653,826069
12963,818027,826293
12964,815906,830478
12965,817432,834249
12966,817534,834666
12967,817519,834151
12968,820355,833782
12969,820354,833687
12970,820351,833344
12971,820143,833262
12972,818032,832993
12974,821096,833088
12977,842062,813755
12980,834854,819594
12981,841592,818625
12982,840012,816210
12983,843624,813980
12984,837213,815660
12985,831016,815975
12986,834617,815220
12988,831947,812716
12989,817847,832869
12990,823884,825228
12991,828300,825533
12992,824570,825332
12994,833268,812331
12995,833401,812251
12996,837312,835273
12997,829102,832491
12998,817857,826232
13000,839822,831653
13001,839479,831903
13002,838993,832234
13003,838797,832453
13004,838733,832713
13005,815971,830709
13006,830774,825091
13007,830785,825082
13008,831449,824934
13009,837679,814223
13010,831292,825360
13011,838950,822304
13012,842491,818992
13013,831948,825205
13014,819350,818833
13016,817083,818985
13017,819723,818764
13018,819498,818533
13019,819192,818590
13020,819167,818433
13021,833545,822099
13022,833807,822081
13023,844110,818436
13024,844124,818463
13025,829782,825187
13027,835250,821577
13028,815344,828331
13029,815422,828424
13030,847627,816456
13031,847996,817343
13032,847364,819022
13033,832408,812569
13034,840431,821066
13035,840322,821184
13037,836386,825886
13038,842778,813908
13172,834559,818405
13174,834037,812074
13175,818770,835880
13176,818638,835850
13177,831618,843907
13178,835770,835275
13179,838818,832449
13180,838801,832819
13181,836659,835938
13182,836611,836201
13183,839618,831907
13184,834874,824354
13185,834844,824598
13186,834565,819940
13187,825764,831797
13188,821366,833375
13189,821385,833316
13190,844946,818775
13191,829890,825818
13192,834393,820537
13193,836628,835760
13194,838497,825869
13195,838494,825993
13196,838301,825955
13197,838508,825769
13198,832467,840120
13199,830958,839616
13200,832500,840125
13201,835828,826438
13204,836005,815972
13205,838434,821456
13206,836132,815773
13207,817906,833031
13208,817520,832828
13209,846397,827397
13210,846421,827376
13211,817943,833145
13212,840106,819618
13213,838308,825933
13214,838431,826168
13215,838265,826383
13217,835342,821684
13218,835275,821784
13219,835111,822003
13221,811812,815920
13222,812047,816727
13223,826495,840423
13224,836512,815033
13226,842920,832647
13227,842844,832396
13228,840088,820702
13229,846347,818506
13230,812936,817291
13231,813087,817443
13232,813103,817429
13234,842260,820062
13235,842324,820145
13236,835684,817365
13237,821369,833689
13238,817724,833088
13239,842004,820323
13240,841817,820586
13241,841823,820849
13242,841910,820488
13243,842340,819994
13245,831311,824224
13246,814722,827558
13247,823394,834670
13248,832465,839401
13251,835366,812155
13252,839632,819643
13253,829043,827518
13260,838442,828454
13261,839035,832477
13262,813232,817606
13263,819773,818734
13268,819583,818573
13270,819843,817380
13272,820026,817342
13273,820053,817310
13275,814477,827253
13276,844661,820004
13277,829604,837715
13278,821386,833635
13279,840222,819528
13280,839667,819647
13282,833554,844784
13283,833697,845067
13284,834080,845922
13285,833403,844543
13286,833555,844743
13287,833778,845110
13288,833530,844179
13289,833433,844377
13290,833488,844212
13291,833392,844415
13292,818106,832901
13293,841790,820856
13294,841611,820835
13295,841500,820995
13299,812974,817322
13300,845249,818651
13301,845067,818425
13302,844972,818642
13303,844571,818275
13304,812183,819793
13305,845001,818605
13306,845130,818445
13307,844773,818441
13308,836707,819869
13309,811922,820063
13310,835033,818584
13311,836880,818169
13312,839044,826555
13313,839632,821698
13314,842173,820153
10000020,830435,824677
10000021,830530,824442
10000022,819689,818841
10000023,837380,819937
10000024,828807,824685
10000025,831338,825346
10000026,830808,842963
10000027,841672,820973
10000028,836649,825380
10000029,838826,826477
10000030,840016,821347
10000031,842452,840361
10000032,836383,842397
10000033,836390,842405
10000034,811629,819384
10000036,842826,819593
10000037,834851,834770
10000038,838100,828654
10000039,818693,836265
10000040,824469,831230
10000041,821245,834648
10000042,812654,817281
10000043,835289,815802
10000044,835919,815757
10000045,825217,832935
10000046,834166,822152
10000047,838197,822049
10000048,838825,821781
10000049,833997,822295
10000050,835270,811838
10000052,839532,821071
10000053,834642,834597
10000054,838381,826639
10000055,830655,824668
10000059,809760,831227
10000060,833554,816579
10000061,835264,810819
10000062,813221,817591
10000063,838904,820816
10000064,838947,820804
10000065,834510,818292
10000066,838702,820693
10000067,839148,827461
10000077,844504,832359
10000080,834427,818115
10000081,834142,818076
10000082,840905,819474
10000085,820691,817264
10000086,820478,817357
10000087,820474,817374
10000088,820396,817253
10000089,820392,817262
10000095,834594,840441
10000096,838576,821534
10000097,841265,819286
10000101,837324,819437
10000102,837732,826294
10000103,835129,821887
10000104,815001,830309
10000105,834152,840521
10000106,841941,815900
10000107,841955,815910
10000108,807619,818371
10000109,818086,826049
10000110,836125,815860
10000112,818592,836271
10000113,829348,828624
10000114,825345,832656
10000115,818395,825922
10000116,837593,820778
10000117,837607,820807
10000118,837599,820790
10000119,837475,820550
10000120,837481,820563
10000121,842353,813840
10000123,824105,823775
10000124,832173,812756
10000125,841187,815220
10000126,839412,819293
10000127,841870,817956
10000128,846110,817007
10000129,846112,817031
10000130,835068,833632
10000131,835112,833652
10000133,845522,818871
10000134,839682,818970
10000135,838469,825469
10000136,820917,833916
10000137,835929,818727
10000139,833888,821032
10000140,834256,818002
10000141,835961,816164
10000142,832392,813194
10000143,835296,834687
10000144,840174,821604
10000145,839091,821859
10000146,837321,821203
10000147,835558,819757
10000148,840780,819524
10000149,836868,818328
10000150,837686,819836
10000151,837209,825756
10000152,838789,826908
10000153,838282,826804
10000154,836031,834351
10000155,832069,839274
10000156,845889,816034
10000157,838756,822473
10000158,837380,820331
10000159,837466,819551
10000160,834608,819960
10000161,835790,820388
10000162,831588,824883
10000163,831240,824160
10000164,831286,822988
10000165,830886,826322
10000308,838960,819635
10000310,835852,817277
10000315,833970,840586
9827,815938,829337
9830,815446,828425
9831,814417,829587
9832,814565,829834
9833,814440,829813
9834,814346,829704
9835,814358,829580
9836,814689,829872
9837,814667,829968
9838,814842,829918
9839,814661,830108
9840,815031,829854
9841,815135,829683
9842,815174,829665
9843,814851,829694
9844,815544,829934
9845,815641,830104
9846,815633,830190
9849,815875,830557
9850,816018,829951
9851,815979,829926
9852,816066,830510
9854,816269,830435
9855,816223,830413
9856,816245,830405
9857,816246,830143
9858,816223,830161
9859,816243,831010
9860,816222,831026
9861,816391,831246
9862,816562,831479
9863,816579,831462
9864,816712,831615
9865,816668,831600
9866,817003,831983
9867,817053,832004
9868,817294,832252
9869,817264,832264
9870,817328,832467
9871,817310,832492
9872,817835,832695
9873,817833,832722
9874,818215,833017
9875,818271,833027
9876,818614,833261
9877,818480,833201
9878,818850,833412
9880,819130,833598
9881,819391,833757
9882,819587,833787
9884,817804,836097
9885,817793,836147
9886,818006,836523
9887,817983,836537
9888,817987,836632
9889,818100,836225
9890,818075,836211
9891,817920,835901
9892,818043,835828
9893,818373,835871
9895,818687,834545
9897,818633,834439
9898,818328,834154
9899,818385,834168
9900,818699,834866
9901,818785,834904
9902,818659,834884
9903,818560,834939
9904,818369,834574
9905,817927,835110
9906,817773,835687
9907,818580,834069
9908,818432,834118
9909,818863,833832
9910,818857,833821
9911,819115,833814
9912,819090,833804
9913,817301,832784
9914,817313,832677
9915,817236,833002
9916,817262,832981
9917,817209,833432
9918,817165,833800
9919,817172,833800
9920,817267,833977
9921,817271,833968
9922,817363,834083
9923,817373,834100
9925,817607,834077
9926,817732,834144
9927,817865,834145
9943,823186,834685
9944,823161,834196
9945,823131,834187
9946,823163,833808
9947,822789,833832
9948,822438,833869
9949,822550,833890
9950,822212,833939
9951,821819,833979
9952,821776,833878
9956,821220,833912
9957,821210,833888
9958,820961,833891
9959,820965,833914
9960,820921,833890
9962,820808,833894
9964,820689,833918
9965,820625,833982
9966,820544,833889
9967,820511,833921
9968,820270,833901
9969,820086,833905
9971,820134,834107
9972,820054,834112
9974,820405,834242
10249,840770,820199
10251,835906,819934
10252,835891,819930
10253,837920,821580
10254,835133,821978
10255,838836,823378
10256,840004,820371
10257,838035,822810
10258,837717,822668
10260,841135,818997
10262,839412,820080
10264,836590,819263
10265,838484,822056
10266,831851,822307
10268,830894,824623
10269,835344,818353
10271,834618,834567
10272,835001,834588
10273,838256,831236
10274,838245,831208
10275,838794,831041
10276,838829,830996
10277,837778,834786
10278,839589,835276
10279,835396,834392
10280,824402,839277
10281,845311,819614
10282,845032,822181
10283,846653,828378
10284,840960,830572
10285,846292,819865
10291,837097,814549
10293,837981,814259
10294,837881,814178
10295,837696,814041
10297,837467,814059
10298,832854,816031
10299,832873,815983
10300,832686,815878
10301,832698,815895
10303,832837,816036
10306,841295,813812
10307,835992,815808
10308,837859,813367
10309,839122,808901
10312,839684,809604
10313,834911,814408
10314,833976,814082
10315,837206,813825
10319,841883,815590
10320,836576,819615
10321,818462,835421
10333,834583,820874
10334,842459,818849
10335,840954,821409
10336,841157,821563
10337,839133,820663
10338,839011,820670
10339,811156,815576
10341,831079,824901
10342,818418,836102
10344,844521,820594
10345,844715,819927
10346,844902,819363
10347,811913,817210
10348,812459,816908
10349,812219,817080
10350,812780,816957
10351,813070,817175
10352,812955,817031
10353,812680,816905
10354,812336,816902
10355,812202,817081
10358,833626,821237
10359,811310,817786
10361,842842,814620
10362,842284,819058
10364,845500,818877
10368,842514,819913
10370,831470,813674
11000,803868,812683
11001,804130,812661
11002,804515,812522
11003,805155,811747
11004,805399,811688
11005,805582,811495
11006,805813,811419
11007,806104,811787
11008,806319,812032
11009,806647,811999
11010,806918,811859
11011,807040,812290
11012,808159,812988
11013,808025,813001
11015,806976,812296
11016,806820,811841
11017,806594,811964
11018,806319,812019
11019,806099,811726
11020,805984,811538
11021,805805,811403
11022,805575,811493
11023,805369,811685
11024,805125,811747
11025,804576,812450
11026,804295,812626
11027,804125,812656
11028,806888,811784
11029,807119,811225
11030,806773,810009
11031,807541,809723
11032,808581,809460
11033,808806,809291
11034,809194,809184
11035,809345,809267
11036,809710,809277
12365,834514,818171
12366,837122,818686
12367,835643,820077
12368,842710,817305
12370,837182,818646
12371,837368,819194
12372,836748,819615
12373,836789,819419
12374,836752,820088
12375,839188,826983
12376,830572,825535
12377,832025,822344
12378,834739,819871
12379,842109,819066
12380,824743,832809
12381,839191,820859
12383,839246,820826
12384,818349,836624
12385,828895,824673
12386,835810,817367
12387,815858,829785
12388,815840,830147
12389,838970,823024
12391,835393,811855
12392,841168,815266
12393,841080,845089
12394,839484,820296
12395,818019,835852
12398,820008,833411
12399,820848,834438
12400,815367,828420
12401,840110,831456
12402,840119,831046
12403,818352,836711
12404,839226,823014
12405,834209,820687
12406,840111,831168
12407,840086,831492
12408,839880,831727
12409,843165,832118
12410,845451,831285
12412,835551,833781
12414,818465,835996
12415,818490,835991
12416,828763,823882
12417,832575,825458
12418,832404,825903
12421,819979,833884
12422,827593,825463
12424,831067,839442
12425,831251,839533
12426,831221,839468
12427,830952,839417
12428,833225,821461
12429,834204,819936
12430,842716,817798
12435,833549,821874
12436,833261,821779
12437,838800,829115
12439,835109,821622
12440,835227,821570
12441,835519,819965
12442,833709,843753
12443,833752,843700
12444,835270,841650
12445,839725,835306
12446,842329,819791
12447,835405,819858
12448,831263,825441
12449,831165,825455
12450,831126,825438
12451,829375,825823
12452,835571,834609
12454,818566,836264
12455,835224,811883
12456,833907,821268
12457,815242,829398
12458,841618,815572
12461,835257,834065
12462,846003,818283
12463,846115,818076
12464,845655,818821
12466,833305,812206
12467,826772,825440
12469,833812,816389
12470,841466,815656
12473,834523,815662
12474,834316,812170
12475,834254,812338
12476,832502,812634
12477,831722,813089
12478,831822,813007
12479,831813,812895
12481,835615,817421
12485,842968,815028
12487,837218,815964
12490,831221,815835
12491,843680,810910
12492,843358,811767
12493,839190,816946
12495,817682,835908
12496,818596,835498
12497,839088,821808
12498,843763,814037
12499,841082,830532
12500,831195,824195
12503,820027,833867
12505,811541,815998
12506,816401,830324
12507,811342,818154
12509,835221,834818
12510,817373,813392
12514,810620,810148
12519,833829,811040
12520,844862,818672
12521,832858,815983
12694,809831,827955
12695,809848,827772
12696,809880,827687
12697,809925,827482
12698,810706,825656
12699,812274,825298
12702,813800,826239
12704,814825,826219
12705,819297,833719
12706,820796,834088
12707,820668,834661
12709,818356,834473
12710,820255,834086
12711,820754,833895
12712,821163,833913
12713,820389,834056
12717,818022,826268
12718,815446,828615
12719,815505,828793
12720,821283,833886
12726,835499,818188
12727,811650,825497
12728,812492,840217
12729,824915,841765
12731,826300,840707
12732,826303,840725
12736,825140,833125
12737,824974,832940
12738,825024,832953
12739,825212,833176
12740,825169,833023
12741,830374,825914
12743,825134,842528
12746,836155,817514
12747,835602,821452
12748,836082,825371
12749,832473,825062
12750,842400,819687
12751,836712,819839
12752,839641,816677
12756,844212,820450
12757,834022,822199
12758,822012,824353
12759,822843,824696
12760,829453,825414
12764,826189,841051
12765,826202,841044
12767,835390,820445
12770,839447,822773
12772,819428,817575
12773,819274,817917
12774,819096,818341
12775,819054,818688
12776,817058,818977
12777,819213,818784
12778,819066,818684
12779,819066,818478
12780,819174,818162
12781,819451,817572
12782,820981,821541
12783,824489,823803
12785,824176,823514
12786,824339,823442
12787,824156,823518
12790,824201,823709
12791,824094,823638
12792,824175,823134
12795,837622,821970
12796,807626,818387
12797,808889,817424
12798,808826,817412
12799,809548,817389
12800,809508,817394
12860,809860,827777
12861,809892,827688
12862,809937,827513
12863,809920,827005
12864,810756,825671
12865,811302,825672
12866,811694,825503
12867,812283,825315
12868,812764,825498
12870,813392,826016
12871,813853,826289
12872,814924,825976
12873,809944,827381
12874,829852,825507
12875,833080,816660
12878,835481,818329
12879,835484,819433
12880,831245,839452
12881,835686,826401
12883,821614,834064
12884,841257,818476
12885,836356,818274
12886,833474,821550
12887,837126,818235
12888,832421,822323
12889,839211,821205
12890,818714,836284
12891,830294,825960
12894,841248,819252
12895,835638,826338
12896,835866,825120
12897,829053,826286
12898,828930,826184
12899,814210,810921
12900,814157,810901
12901,817726,814087
12902,811027,815272
12903,811004,815397
12904,812914,817162
12905,818811,833431
12906,838548,816557
12907,828952,824655
12908,818624,835583
13039,832375,838503
13041,821022,833150
13042,821280,833238
13043,846347,816610
13044,840231,820860
13045,840199,821115
13046,839464,821601
13047,824717,832801
13048,829566,831456
13050,834703,816351
13051,831370,815218
13053,843955,823643
13054,812201,819884
13055,829738,824982
13056,841739,815780
13057,815955,830694
13059,835802,821727
13060,835734,821615
13061,835686,821523
13062,834388,822406
13063,843991,818578
13064,845700,817500
13067,841360,830660
13068,828818,826578
13069,832345,825172
13070,837987,821500
13071,835061,815687
13072,824648,831351
13073,842625,817217
13074,842609,817438
13075,845125,821584
13076,833996,812127
13077,836135,817727
13079,839529,827584
13080,835990,826390
13081,819704,824800
13083,839626,816806
13084,840378,820753
13085,818402,834861
13086,829032,824308
13087,838861,832422
13088,839032,832235
13089,839559,831876
13090,839844,831661
13091,841155,830568
13092,824928,831927
13093,821215,833196
13094,821007,833128
13095,820444,833171
13096,820137,833278
13097,820487,833175
13098,824926,831755
13102,819987,824365
13103,819960,824379
13104,839135,821249
13105,839130,821450
13106,839051,821448
13107,835956,814460
13108,840380,820724
13110,840218,821196
13111,840919,819750
13112,840771,819754
13113,840597,819953
13114,840762,820058
13115,831508,839996
13116,821424,833731
13117,831100,841175
13119,828713,823524
13120,833496,816579
13121,830872,824728
13122,841699,831284
13123,840957,821651
13124,830875,839336
13125,842604,831839
13126,840075,818540
13127,837559,815078
13128,838251,826413
13129,835466,819295
13130,825666,841503
13131,825651,841548
13132,839962,821157
13133,839201,820842
13134,832114,840361
13135,832124,840399
13136,835339,818874
13137,835166,818870
13138,841676,831111
13139,844039,819823
13140,843542,810458
13141,843469,810173
13142,845618,819969
13143,837635,820438
13144,837026,818667
13145,846198,827705
13146,846199,827716
13147,852731,832884
13149,814379,829762
13150,837859,827480
13151,844876,819728
13152,835218,820168
13153,828743,823889
13154,833254,815897
13155,832051,812714
13156,836731,826470
13157,836655,826444
13158,835862,835616
13159,839756,835319
13160,832322,825842
13161,827863,834047
13162,833189,821526
13164,819967,834344
13166,811552,819360
13167,831103,824194
13169,840110,820511
13170,841432,830629
13171,837448,815404
13315,834187,822290
13316,834335,822152
13318,822487,824641
13319,818013,826292
13320,820989,834580
13322,832064,822511
13324,820329,833604
13325,838880,821096
13326,838860,821088
13327,834401,819951
13328,811842,818383
13329,838910,823019
13330,838749,810584
13331,839984,808937
13332,838270,821523
13333,818283,826131
13334,819686,824838
13335,820021,824817
13336,818376,826028
13337,841795,820311
13338,815731,830632
13339,830951,839594
13341,834994,818696
13342,835202,818341
13345,812957,819701
13346,812923,819828
13347,811156,815543
13348,831093,823949
13349,821213,834695
13350,821259,834433
13351,839156,821158
13352,839599,821388
13353,818544,834070
13354,819104,818363
13355,819157,818420
13356,819147,818555
13357,833677,838427
13358,831343,841024
13359,815688,826927
13360,846127,815741
13362,833893,845485
13363,833874,845494
13364,835442,817694
13365,833392,820945
13366,832953,821203
13367,833882,821270
13368,837431,827116
13369,841119,829585
13370,841577,830956
13371,842110,818734
13372,819669,824847
13373,820050,824301
13374,837489,813976
13375,835683,824835
13376,819949,824393
13377,834892,824402
13378,834816,824550
13379,832260,826900
13380,832218,826957
13381,838807,826891
13384,835530,833820
13385,830947,839767
13386,838121,822434
13387,840869,818734
13388,815347,828447
13389,824588,831229
13390,824692,831292
13391,820424,834624
13392,839634,827697
13393,831306,824150
13394,848779,828082
13395,833031,821117
13396,811820,816802
13398,840188,819656
13399,821261,834471
13400,821090,834694
13401,817488,832433
13402,836844,818684
13403,835387,819303
13404,836104,821446
13405,838145,822017
13408,840253,821037
13409,830624,824396
13410,830417,824686
13413,843024,814892
13414,837444,819264
13415,837655,818754
13416,837819,819991
13417,838840,822120
13418,842888,840828
13419,842947,840699
13420,838781,821191
13421,839434,819204
13422,839457,819224
13423,839932,821358
13424,842177,817260
13425,835121,818877
10000001,837993,828730
10000002,837625,828872
10000003,842819,819673
10000004,832982,822003
10000005,834009,821564
10000006,842699,817318
10000007,812659,825519
10000008,812788,825508
10000009,814791,826388
10000010,814805,826397
10000011,815174,830412
10000012,814831,830402
10000013,815013,830337
10000014,815334,830549
10000015,815685,830565
10000016,840068,830731
10000017,839162,832142
10000018,840085,830744
10000019,845040,819875
10000166,830005,825647
10000167,828590,825770
10000168,815197,827179
10000169,821819,833970
10000170,820863,834454
10000171,842211,820112
10000172,831295,824156
10000173,833926,816306
10000174,837993,820271
10000175,820342,833813
10000176,831188,840260
10000177,832513,839198
10000178,830785,840827
10000179,833927,845804
10000180,832503,839105
10000181,837842,822929
10000182,839281,828070
10000183,846270,826977
10000184,841675,819574
10000185,835478,834874
10000186,839675,821665
10000187,821609,833884
10000188,841412,820918
10000189,844790,820556
10000190,832245,838039
10000191,832396,838271
10000192,843758,814010
10000194,840158,820003
10000195,841008,819399
10000196,829931,825274
10000197,832505,822262
10000198,814085,826492
10000199,838150,826421
10000200,835393,821771
10000201,842367,819755
10000202,839549,816934
10000203,839918,821043
10000204,839756,816361
10000205,838960,823276
10000206,829063,822486
10000207,829078,822555
10000219,812730,817520
10000220,812559,817408
10000222,839103,820974
10000223,839089,820990
10000224,837468,826961
10000225,824095,823602
10000226,829597,825481
10000227,833651,821111
10000228,838853,821692
10000229,838834,821706
10000230,838021,822725
10000231,811096,815531
10000233,831188,824981
10000234,820332,833360
10000235,833184,821994
10000236,833363,822061
10000237,835833,835753
10000238,835850,835545
10000239,835693,835745
10000242,838766,821179
10000243,819337,817823
10000244,817712,833080
10000245,836516,816000
10000246,838261,828620
10000247,835208,818330
10000248,815552,828092
10000249,834926,815991
10000250,841568,815765
10000251,833250,821479
10000252,841694,818397
10000253,841724,818293
10000254,812858,817156
10000255,806887,811788
10000256,833127,821941
10000257,821535,833889
10000258,811990,819750
10000259,812560,817399
10000260,838855,826468
10000262,806922,811865
10000263,806823,811839
10000264,843950,820673
10000265,832428,839249
10000268,841581,817892
10000269,838969,822097
10000271,824308,823239
10000275,836175,835946
10000276,838421,821324
10000278,840120,820399
10000279,840883,818967
10000280,840852,818974
10000281,839514,822508
10000282,839504,822546
10000283,838910,832053
10000285,835013,815511
10000286,835005,815587
10000287,811885,815722
10000288,845427,831972
10000289,841428,830441
10000290,841153,830274
10000292,814986,827669
10000293,814839,827793
10000294,815129,828047
10000295,836179,835926
10000296,845105,821922
10000297,845141,821642
10000298,816669,826213
10000299,828245,832302
10000300,828239,832308
10000301,838576,821498
10000302,829138,822655
10000303,834354,818046
10000304,832095,812804
10000305,832361,812601
10000306,831277,816058
10000307,843718,813819
